{"cameraMode":{"drawMode":0,"name":"Shaded","section":"Shading Mode"},"sceneLighting":true,"audioPlay":false,"sceneViewState":{"m_AlwaysRefresh":false,"showFog":true,"showSkybox":true,"showFlares":true,"showImageEffects":true,"showParticleSystems":true,"showVisualEffectGraphs":true,"m_FxEnabled":true},"in2DMode":false,"pivot":{"x":5.828188419342041,"y":-11.097366333007813,"z":-24.75189971923828},"rotation":{"x":-0.6332170963287354,"y":0.013232583180069924,"z":-0.010824566707015038,"w":-0.7738051414489746},"size":95.99028015136719,"orthographic":false}